time,latitude,longitude,depth,mag,magType,nst,gap,dmin,rms,net,id,updated,place,type,horizontalError,depthError,magError,magNst,status,locationSource,magSource
2017-11-29T03:25:01.708Z,60.2143,-141.3027,0,1.9,ml,,,,0.81,ak,ak17400595,2017-11-29T03:28:16.123Z,"64km ENE of Cape Yakataga, Alaska",earthquake,,0.5,,,automatic,ak,ak
2017-11-29T03:18:34.170Z,38.824501,-122.7993317,2.3,1.61,md,28,57,0.008463,0.04,nc,nc72931990,2017-11-29T03:21:23.635Z,"6km W of Cobb, California",earthquake,0.23,0.41,0.04,6,automatic,nc,nc
2017-11-29T03:16:31.050Z,37.533165,-118.8198318,4.82,1.15,md,14,150,0.05724,0.01,nc,nc72931985,2017-11-29T03:42:02.553Z,"18km SE of Mammoth Lakes, California",earthquake,0.45,1.09,0.08,12,automatic,nc,nc
2017-11-29T03:08:04.336Z,60.8296,-151.9082,79.2,1.7,ml,,,,0.35,ak,ak17400592,2017-11-29T03:20:32.127Z,"37km WNW of Nikiski, Alaska",earthquake,,1.7,,,automatic,ak,ak
2017-11-29T02:50:44.500Z,33.9766667,-116.9195,5.78,0.98,ml,24,63,0.07424,0.16,ci,ci37819871,2017-11-29T02:54:28.564Z,"7km NW of Banning, CA",earthquake,0.23,0.77,0.239,30,automatic,ci,ci
2017-11-29T02:34:24.710Z,10.1856,-83.9908,12.66,3.2,ml,,112,0.217,0.74,us,us2000bvrr,2017-11-29T03:03:30.870Z,"22km W of Guapiles, Costa Rica",earthquake,1.4,5.2,0.074,24,reviewed,us,us
2017-11-29T02:25:00.720Z,-2.0193,-77.3655,153.81,4.4,mb,,48,1.591,1.39,us,us2000bvrq,2017-11-29T02:56:52.040Z,"72km ESE of Palora, Ecuador",earthquake,8,7,0.068,63,reviewed,us,us
2017-11-29T02:11:39.080Z,36.3771667,-120.9524994,5.45,1.73,md,14,166,0.07168,0.03,nc,nc72931970,2017-11-29T03:10:03.478Z,"23km NE of King City, California",earthquake,0.5,0.75,0.29,8,automatic,nc,nc
2017-11-29T02:07:38.690Z,38.8903351,-122.8746643,1.91,2.05,md,22,152,0.03177,0.03,nc,nc72931965,2017-11-29T02:59:03.774Z,"10km SSW of Kelseyville, California",earthquake,0.29,0.72,0.09,9,automatic,nc,nc
2017-11-29T02:05:51.782Z,62.239,-145.7115,24.6,1.5,ml,,,,0.47,ak,ak17400271,2017-11-29T02:11:28.486Z,"16km NNW of Glennallen, Alaska",earthquake,,0.3,,,automatic,ak,ak
2017-11-29T01:47:23.160Z,38.8103333,-122.8136673,1.78,0.51,md,14,73,0.01221,0.05,nc,nc72931960,2017-11-29T01:57:04.300Z,"6km NW of The Geysers, California",earthquake,0.26,0.55,0.04,3,automatic,nc,nc
2017-11-29T01:09:28.035Z,59.6776,-152.8624,85.4,2.8,ml,,,,0.49,ak,ak17400260,2017-11-29T01:23:55.384Z,"59km W of Anchor Point, Alaska",earthquake,,0.4,,,automatic,ak,ak
2017-11-29T01:08:32.340Z,36.5603333,-121.1571655,7.03,1.61,md,10,140,0.03023,0.07,nc,nc72931955,2017-11-29T02:16:03.337Z,"21km NE of Soledad, California",earthquake,0.42,0.8,0.16,8,automatic,nc,nc
2017-11-29T00:52:45.857Z,37.1487,-114.7907,0,0.9,ml,7,114.93,0.331,0.2036,nn,nn00613811,2017-11-29T01:16:35.406Z,"40km SE of Alamo, Nevada",earthquake,,0,1.14,4,reviewed,nn,nn
2017-11-29T00:41:54.860Z,31.2298,-103.5094,5,2,ml,,64,0.336,0.48,us,us2000bvr8,2017-11-29T01:00:50.181Z,"21km S of Pecos, Texas",earthquake,1.2,1.9,0.097,28,reviewed,us,us
2017-11-29T00:40:51.840Z,34.3445,-116.4668333,10.05,1.5,ml,34,52,0.08754,0.14,ci,ci37819855,2017-11-29T01:08:08.890Z,"26km N of Yucca Valley, CA",earthquake,0.21,0.4,0.235,22,reviewed,ci,ci
2017-11-29T00:30:48.530Z,33.49,-116.7858333,4.29,0.71,ml,29,38,0.0254,0.14,ci,ci37819847,2017-11-29T00:57:01.300Z,"9km NE of Aguanga, CA",earthquake,0.18,0.35,0.108,23,reviewed,ci,ci
2017-11-29T00:18:04.424Z,65.0008,-147.4246,1.3,1.2,ml,,,,0.74,ak,ak17399936,2017-11-29T00:20:25.507Z,"22km NE of Fairbanks, Alaska",earthquake,,3.4,,,automatic,ak,ak
2017-11-29T00:11:58.130Z,36.6923333,-120.9375,2.1,1.47,md,23,186,0.0877,0.15,nc,nc72931945,2017-11-29T03:36:02.539Z,"39km SW of South Dos Palos, California",earthquake,0.68,2.17,0.154,18,reviewed,nc,nc
2017-11-28T23:58:31.510Z,33.4916667,-116.7695,-0.07,0.32,ml,11,219,0.03303,0.23,ci,ci37819831,2017-11-29T00:49:02.994Z,"10km ENE of Aguanga, CA",earthquake,0.7,31.61,0.109,3,reviewed,ci,ci
2017-11-28T23:46:07.540Z,38.8069992,-122.8141632,3.37,0.55,md,10,144,0.01188,0.04,nc,nc72931940,2017-11-29T00:02:02.711Z,"6km WNW of The Geysers, California",earthquake,0.58,1,,1,automatic,nc,nc
2017-11-28T23:34:21.990Z,13.8004,-91.7342,35,4.5,mb,,195,0.721,1.12,us,us2000bvpw,2017-11-29T00:55:39.684Z,"58km SSE of Champerico, Guatemala",earthquake,8.7,2,0.071,59,reviewed,us,us
2017-11-28T23:19:53.356Z,35.9068,-115.6911,11,1.3,ml,11,71.89,0.241,0.1775,nn,nn00613804,2017-11-28T23:43:34.837Z,"11km NNW of Sandy Valley, Nevada",earthquake,,5.8,0.33,5,reviewed,nn,nn
2017-11-28T23:19:25.210Z,60.4066,-147.3446,12.3,2.9,ml,,,,0.56,ak,ak17399520,2017-11-28T23:53:24.040Z,"83km ESE of Whittier, Alaska",earthquake,,0.3,,,automatic,ak,ak
2017-11-28T23:16:48.450Z,37.1511667,-121.5376667,7.63,0.99,md,17,66,0.07198,0.03,nc,nc72931935,2017-11-29T03:33:03.536Z,"9km NE of San Martin, California",earthquake,0.23,0.95,0.22,13,reviewed,nc,nc
2017-11-28T23:13:19.910Z,13.7984,-91.8345,35,4.3,mb,,207,0.734,0.96,us,us2000bvpj,2017-11-28T23:46:35.040Z,"56km S of Champerico, Guatemala",earthquake,10.4,2,0.082,42,reviewed,us,us
2017-11-28T23:04:01.470Z,33.483,-116.7885,6.62,0.44,ml,16,107,0.09265,0.15,ci,ci37819807,2017-11-28T23:43:10.504Z,"8km ENE of Aguanga, CA",earthquake,0.36,0.57,0.043,8,reviewed,ci,ci
2017-11-28T22:54:28.559Z,63.0978,-151.4706,15.7,1,ml,,,,0.57,ak,ak17399507,2017-11-28T23:03:11.009Z,"110km NW of Talkeetna, Alaska",earthquake,,0.2,,,reviewed,ak,ak
2017-11-28T22:44:08.240Z,33.5026667,-116.7945,4.74,0.6,ml,25,97,0.01084,0.08,ci,ci37819799,2017-11-28T23:39:10.559Z,"9km NE of Aguanga, CA",earthquake,0.16,0.21,0.09,15,reviewed,ci,ci
2017-11-28T22:27:51.920Z,33.7126667,-116.7508333,16.18,0.57,ml,15,178,0.0306,0.06,ci,ci37819791,2017-11-28T23:32:02.940Z,"4km SW of Idyllwild, CA",earthquake,0.26,0.27,0.125,8,reviewed,ci,ci
2017-11-28T22:20:27.812Z,38.4766,-118.3819,3.4,0,ml,4,178.87,0.054,0.058,nn,nn00613805,2017-11-28T23:24:51.369Z,"21km ESE of Hawthorne, Nevada",earthquake,,12.2,0.22,2,reviewed,nn,nn
2017-11-28T22:13:16.980Z,37.5188333,-118.4301667,8.21,0.99,md,12,137,0.03099,0.04,nc,nc72931915,2017-11-29T00:12:02.715Z,"14km N of Dixon Lane-Meadow Creek, California",earthquake,0.48,0.72,0.271,11,reviewed,nc,nc
2017-11-28T22:11:12.488Z,62.8553,-150.4568,85.8,2.3,ml,,,,0.64,ak,ak17399505,2017-11-28T22:14:20.273Z,"61km NNW of Talkeetna, Alaska",earthquake,,0.6,,,automatic,ak,ak
2017-11-28T22:07:01.570Z,38.8255005,-122.7994995,2.39,0.52,md,13,52,0.008523,0.04,nc,nc72931910,2017-11-28T22:36:02.438Z,"6km W of Cobb, California",earthquake,0.36,0.83,0.02,2,automatic,nc,nc
2017-11-28T21:54:47.336Z,39.5626,-119.7922,7.4,1.8,ml,23,96.93,0.026,0.1499,nn,nn00613797,2017-11-28T23:12:27.127Z,"3km SSW of Sun Valley, Nevada",earthquake,,0.6,0.29,9,reviewed,nn,nn
2017-11-28T21:49:47.680Z,33.9571667,-117.1595,14.12,1.02,ml,31,126,0.06504,0.18,ci,ci37819775,2017-11-28T22:03:25.358Z,"7km ENE of Moreno Valley, CA",earthquake,0.3,0.59,0.146,17,reviewed,ci,ci
2017-11-28T21:43:23.850Z,19.4083328,-155.5070038,10.27,1.75,md,29,43,,0.1,hv,hv61990776,2017-11-28T21:46:36.110Z,"22km N of Pahala, Hawaii",earthquake,0.3,0.72,0.13,10,automatic,hv,hv
2017-11-28T21:34:57.480Z,33.8685,-117.4946667,-0.56,1.28,ml,18,81,0.06559,0.16,ci,ci37819759,2017-11-28T22:05:13.366Z,"3km ESE of Home Gardens, CA",quarry blast,0.27,31.61,0.191,16,reviewed,ci,ci
2017-11-28T21:20:37.194Z,39.562,-119.8025,6.4,0.9,ml,9,96.55,0.023,0.1366,nn,nn00613810,2017-11-29T00:51:51.407Z,"3km NNE of Reno, Nevada",earthquake,,1,0.13,2,reviewed,nn,nn
2017-11-28T21:20:34.350Z,44.7626667,-110.641,3.18,1.63,ml,14,167,0.05445,0.17,uu,uu60260027,2017-11-28T23:24:39.500Z,"36km NNE of Old Faithful Geyser, Wyoming",earthquake,0.56,1.2,0.653,2,reviewed,uu,uu
2017-11-28T21:04:13.443Z,39.5538,-119.7979,5.7,0.8,ml,11,80.58,0.032,0.1141,nn,nn00613807,2017-11-28T23:53:16.934Z,"3km NNE of Reno, Nevada",earthquake,,1.4,0,1,reviewed,nn,nn
2017-11-28T21:03:56.160Z,33.5383333,-116.7125,2.62,0.09,ml,15,81,0.03402,0.08,ci,ci37819743,2017-11-28T21:25:07.116Z,"4km WSW of Anza, CA",earthquake,0.16,0.15,0.149,5,reviewed,ci,ci
2017-11-28T21:03:40.320Z,38.8126678,-122.7806702,0.14,0.88,md,10,120,0.0005905,0.02,nc,nc72931905,2017-11-28T21:18:03.206Z,"4km NNW of The Geysers, California",earthquake,0.26,0.99,0.01,3,automatic,nc,nc
2017-11-28T20:55:06.530Z,44.4336667,-110.331,9.43,1.23,md,11,112,0.05326,0.11,uu,uu60259997,2017-11-28T22:00:41.380Z,"39km E of Old Faithful Geyser, Wyoming",earthquake,0.37,0.8,0.077,3,reviewed,uu,uu
2017-11-28T20:52:44.711Z,60.7554,-150.8576,57,1.5,ml,,,,0.32,ak,ak17399483,2017-11-28T21:39:02.004Z,"24km NNW of Sterling, Alaska",earthquake,,0.5,,,reviewed,ak,ak
2017-11-28T20:46:40.190Z,38.7813339,-122.7476654,-0.52,1.89,md,20,93,0.008759,0.08,nc,nc72931900,2017-11-29T00:10:04.708Z,"0km ENE of The Geysers, California",earthquake,0.22,0.61,0.21,9,automatic,nc,nc
2017-11-28T20:26:14.550Z,33.8538333,-117.4841667,-0.56,1.05,ml,38,59,0.04879,0.26,ci,ci37819727,2017-11-28T21:21:09.013Z,"4km SE of Home Gardens, CA",quarry blast,0.51,31.61,0.165,14,reviewed,ci,ci
2017-11-28T20:25:08.124Z,60.0617,-151.6942,51.5,1.4,ml,,,,0.37,ak,ak17399481,2017-11-28T21:35:03.358Z,"32km NNE of Anchor Point, Alaska",earthquake,,0.6,,,reviewed,ak,ak
2017-11-28T20:12:30.528Z,61.867,-151.1534,68.2,1.3,ml,,,,0.13,ak,ak17399476,2017-11-28T20:17:38.118Z,"60km WNW of Willow, Alaska",earthquake,,0.8,,,automatic,ak,ak
2017-11-28T20:12:22.860Z,35.9123333,-120.4531667,5.04,2.35,md,31,54,0.01459,0.05,nc,nc72931890,2017-11-29T03:24:02.510Z,"26km SSW of Coalinga, California",earthquake,0.26,0.29,0.109,15,reviewed,nc,nc
2017-11-28T20:12:08.320Z,35.9106667,-120.4548333,5.79,2.73,md,72,42,0.01663,0.05,nc,nc72931885,2017-11-29T03:09:05.476Z,"26km SSW of Coalinga, California",earthquake,0.12,0.15,0.18,70,reviewed,nc,nc
2017-11-28T20:11:18.750Z,33.873,-117.498,-0.56,0.89,ml,19,83,0.07083,0.22,ci,ci37819703,2017-11-28T21:36:22.287Z,"2km ESE of Home Gardens, CA",quarry blast,0.51,31.61,0.092,13,reviewed,ci,ci
2017-11-28T20:08:50.510Z,38.8079987,-122.8193359,2.4,0.97,md,16,74,0.007738,0.04,nc,nc72931880,2017-11-28T20:45:05.752Z,"6km WNW of The Geysers, California",earthquake,0.31,0.46,0.2,5,automatic,nc,nc
2017-11-28T19:36:35.650Z,33.5663333,-116.9038333,10.42,1,ml,35,43,0.07886,0.15,ci,ci37819679,2017-11-28T21:06:27.966Z,"14km NNW of Aguanga, CA",earthquake,0.19,0.55,0.098,19,reviewed,ci,ci
2017-11-28T18:57:19.150Z,46.3276667,-111.6176667,-2,1.22,md,8,141,0.335,0.12,mb,mb80271904,2017-11-28T22:30:05.030Z,"7km W of Townsend, Montana",quarry blast,0.5,31.61,0.193,6,reviewed,mb,mb
2017-11-28T18:46:51.558Z,60.5399,-147.4369,19.4,2.1,ml,,,,0.43,ak,ak17399145,2017-11-28T18:53:48.189Z,"72km ESE of Whittier, Alaska",earthquake,,0.4,,,automatic,ak,ak
2017-11-28T18:45:56.677Z,38.5277,-118.5709,0,0.1,ml,3,258.85,0.108,0.0556,nn,nn00613769,2017-11-28T18:59:44.740Z,"4km E of Hawthorne, Nevada",earthquake,,0,0.08,3,reviewed,nn,nn
2017-11-28T18:29:48.860Z,33.498,-116.564,10.87,0.56,ml,17,219,0.03209,0.11,ci,ci37819623,2017-11-28T19:08:28.921Z,"12km ESE of Anza, CA",earthquake,0.42,0.36,0.066,5,reviewed,ci,ci
2017-11-28T18:27:05.770Z,38.8371658,-122.8376694,1.54,1.23,md,21,86,0.002219,0.05,nc,nc72931870,2017-11-28T22:02:03.355Z,"9km NW of The Geysers, California",earthquake,0.23,0.33,0.09,5,automatic,nc,nc
2017-11-28T18:23:31.599Z,63.5323,-147.2955,0,2,ml,,,,0.55,ak,ak17398838,2017-11-28T18:38:14.765Z,"84km ENE of Cantwell, Alaska",earthquake,,0.4,,,automatic,ak,ak
2017-11-28T18:05:18.710Z,37.1241,-98.3149,5,2.4,mb_lg,,121,0.175,0.27,us,us2000bvin,2017-11-28T21:20:31.040Z,"19km NE of Kiowa, Kansas",earthquake,1.5,1.9,0.154,11,reviewed,us,us
2017-11-28T18:03:45.240Z,33.4791667,-116.4215,13.8,0.9,ml,37,104,0.04426,0.14,ci,ci37819567,2017-11-28T18:14:35.559Z,"23km SSW of La Quinta, CA",earthquake,0.23,0.38,0.139,19,reviewed,ci,ci
2017-11-28T17:52:43.130Z,38.8201675,-122.8430023,1.81,1.22,md,21,50,0.006888,0.04,nc,nc72931860,2017-11-28T21:33:04.253Z,"8km WNW of The Geysers, California",earthquake,0.24,0.36,0.09,5,automatic,nc,nc
2017-11-28T17:49:31.090Z,44.8091667,-110.7981667,6.21,1.31,md,14,195,0.04269,0.13,uu,uu60259962,2017-11-28T21:18:34.650Z,"29km NE of West Yellowstone, Montana",earthquake,0.6,0.89,0.312,9,reviewed,uu,uu
2017-11-28T17:47:50.910Z,51.4858,178.2218,63.22,4.3,mb,,154,0.495,0.82,us,us2000bvit,2017-11-28T20:19:38.040Z,"55km SSW of Little Sitkin Island, Alaska",earthquake,7.5,6.2,0.052,104,reviewed,us,us
2017-11-28T17:38:00.800Z,18.5114,145.6127,186.69,5.2,mb,,31,4.946,0.83,us,us2000bvfp,2017-11-28T17:57:43.040Z,"28km SSW of Agrihan, Northern Mariana Islands",earthquake,7.9,4.2,0.029,386,reviewed,us,us
2017-11-28T17:35:13.400Z,33.506,-116.795,5.06,0.61,ml,24,66,0.007768,0.14,ci,ci37819535,2017-11-28T17:46:20.860Z,"10km NE of Aguanga, CA",earthquake,0.24,0.64,0.108,16,reviewed,ci,ci
2017-11-28T17:29:57.920Z,37.5513333,-118.8466667,1,0.24,md,7,300,0.04107,0.03,nc,nc72931850,2017-11-28T19:01:03.475Z,"15km SE of Mammoth Lakes, California",earthquake,0.91,31.61,0.226,6,reviewed,nc,nc
2017-11-28T17:08:02.010Z,36.597168,-121.1999969,2.51,1.78,md,14,126,0.02362,0.08,nc,nc72931805,2017-11-28T20:21:04.698Z,"22km NNE of Soledad, California",earthquake,0.37,0.6,0.23,12,automatic,nc,nc
2017-11-28T16:57:48.490Z,38.8434982,-122.8170013,0.26,0.97,md,17,76,0.0122,0.05,nc,nc72931800,2017-11-28T17:11:02.589Z,"8km WNW of Cobb, California",earthquake,0.2,0.5,0.19,5,automatic,nc,nc
2017-11-28T16:55:48.890Z,44.7906667,-110.7943333,4.3,0.97,md,9,202,0.04006,0.1,uu,uu60259952,2017-11-28T17:17:39.430Z,"28km ENE of West Yellowstone, Montana",earthquake,0.44,0.75,0.197,4,reviewed,uu,uu
2017-11-28T16:55:12.009Z,36.6893,-117.479,14,0.4,ml,5,264.96,0.405,0.1501,nn,nn00613793,2017-11-28T20:47:00.861Z,"53km E of Lone Pine, California",earthquake,,10.2,0.08,2,reviewed,nn,nn
2017-11-28T16:41:16.871Z,36.8013,-116.213,0,0.1,ml,11,80.5,0.074,0.1364,nn,nn00613761,2017-11-28T17:39:34.453Z,"50km ESE of Beatty, Nevada",earthquake,,0,0.73,6,reviewed,nn,nn
2017-11-28T16:24:08.110Z,37.6305008,-118.8676682,2.99,1.25,md,16,92,0.01208,0.03,nc,nc72931795,2017-11-28T18:36:02.417Z,"9km ESE of Mammoth Lakes, California",earthquake,0.39,0.43,0.12,13,automatic,nc,nc
2017-11-28T16:19:55.400Z,37.6508333,-118.9476667,3.69,0.33,md,10,123,0.035,0.06,nc,nc72931790,2017-11-28T18:08:02.883Z,"2km E of Mammoth Lakes, California",earthquake,0.35,0.88,0.237,8,reviewed,nc,nc
2017-11-28T16:12:06.070Z,33.5055,-116.798,5.11,0.44,ml,11,213,0.07836,0.07,ci,ci37819415,2017-11-28T18:26:46.230Z,"9km NE of Aguanga, CA",earthquake,0.36,0.78,0.119,7,reviewed,ci,ci
2017-11-28T16:01:25.680Z,33.4975,-116.7858333,6.22,0.82,ml,23,38,0.07893,0.14,ci,ci37819399,2017-11-28T17:22:13.220Z,"10km NE of Aguanga, CA",earthquake,0.22,0.91,0.117,26,reviewed,ci,ci
2017-11-28T16:00:43.464Z,63.5157,-147.9676,2.6,2,ml,,,,0.43,ak,ak17398500,2017-11-28T16:07:54.973Z,"50km ENE of Cantwell, Alaska",earthquake,,0.4,,,automatic,ak,ak
2017-11-28T16:00:31.650Z,33.4906667,-116.787,5.13,0.54,ml,19,95,0.02435,0.07,ci,ci37819391,2017-11-28T18:21:38.109Z,"9km NE of Aguanga, CA",earthquake,0.16,0.53,0.131,10,reviewed,ci,ci
2017-11-28T15:53:13.070Z,36.9758,-115.9545,10.7,-0.2,ml,10,190.11,0.028,0.1742,nn,nn00613792,2017-11-28T20:40:45.387Z,"72km E of Beatty, Nevada",earthquake,,1.5,0.1,3,reviewed,nn,nn
2017-11-28T15:45:50.600Z,33.4935,-116.7878333,5.22,0.95,ml,31,34,0.08321,0.14,ci,ci37819375,2017-11-28T17:22:28.629Z,"9km NE of Aguanga, CA",earthquake,0.17,0.87,0.096,27,reviewed,ci,ci
2017-11-28T15:39:19.672Z,63.0388,-151.4113,0.1,2.5,ml,,,,1.2,ak,ak17398491,2017-11-28T15:56:48.040Z,"106km NW of Talkeetna, Alaska",earthquake,,0.5,,,automatic,ak,ak
2017-11-28T15:23:54.940Z,37.0428333,-112.8765,20.74,2.07,ml,10,123,0.05087,0.16,uu,uu60259947,2017-11-28T16:21:05.830Z,"9km ENE of Hildale, Utah",earthquake,0.51,1.04,0.37,2,reviewed,uu,uu
2017-11-28T14:58:48.870Z,38.882,-115.3154,2.6,1.5,ml,5,218.28,0.409,0.0446,nn,nn00613759,2017-11-28T17:08:28.252Z,"20km NE of Currant, Nevada",earthquake,,6.6,0.21,2,reviewed,nn,nn
2017-11-28T14:46:19.419Z,61.1799,-150.7272,18.2,1.9,ml,,,,0.42,ak,ak17398399,2017-11-28T14:53:20.807Z,"44km W of Anchorage, Alaska",earthquake,,0.2,,,automatic,ak,ak
2017-11-28T14:24:11.540Z,-17.5716,-14.0768,10,4.9,mb,,79,8.14,0.82,us,us2000bvde,2017-11-28T15:35:55.040Z,"Southern Mid-Atlantic Ridge",earthquake,6.9,1.8,0.094,35,reviewed,us,us
2017-11-28T14:23:08.330Z,33.5055,-116.4186667,9.76,0.82,ml,22,113,0.01879,0.19,ci,ci37819351,2017-11-28T14:58:18.450Z,"20km SSW of La Quinta, CA",earthquake,0.49,0.52,0.113,19,reviewed,ci,ci
2017-11-28T14:19:50.590Z,32.944,-100.8859,4.48,2.6,mb_lg,,54,0.082,0.44,us,us2000bvd7,2017-11-28T15:05:52.426Z,"25km N of Snyder, Texas",earthquake,1.3,6,0.128,16,reviewed,us,us
2017-11-28T14:19:27.920Z,36.4908333,-89.5536667,8.87,1.41,md,16,110,0.04898,0.04,nm,nm60211596,2017-11-28T16:40:33.980Z,"10km SSW of New Madrid, Missouri",earthquake,0.43,0.73,0.116,6,reviewed,nm,nm
2017-11-28T14:08:33.760Z,33.4858333,-116.7885,4.83,0.79,ml,25,95,0.02826,0.14,ci,ci37819335,2017-11-28T18:10:33.261Z,"9km NE of Aguanga, CA",earthquake,0.23,0.69,0.088,14,reviewed,ci,ci
2017-11-28T13:56:54.885Z,59.7766,-136.4439,0,2.4,ml,,,,0.69,ak,ak17398100,2017-11-28T14:02:05.500Z,"72km WNW of Skagway, Alaska",earthquake,,0.3,,,automatic,ak,ak
2017-11-28T13:56:15.850Z,37.5021667,-118.8531667,2.13,0.99,md,16,233,0.08977,0.1,nc,nc72931775,2017-11-28T17:59:01.858Z,"19km SSE of Mammoth Lakes, California",earthquake,0.76,3.28,0.199,14,reviewed,nc,nc
2017-11-28T13:55:41.566Z,62.9721,-148.0847,58.6,2.3,ml,,,,0.54,ak,ak17398096,2017-11-28T14:02:05.286Z,"63km SE of Cantwell, Alaska",earthquake,,1.4,,,automatic,ak,ak
2017-11-28T13:53:14.260Z,37.4951668,-118.8336639,-0.58,1.31,md,8,215,0.0894,0.04,nc,nc72931770,2017-11-28T15:26:03.340Z,"20km SE of Mammoth Lakes, California",earthquake,1.07,7.8,0.19,7,automatic,nc,nc
2017-11-28T13:15:45.400Z,72.5964,3.251,10,5.6,mww,,27,6.492,0.68,us,us2000bvcw,2017-11-28T18:42:02.040Z,"Norwegian Sea",earthquake,5.9,1.7,0.066,22,reviewed,us,us
2017-11-28T13:10:16.948Z,39.0112,-118.1729,8.1,1.4,ml,10,141.74,0.067,0.1424,nn,nn00613753,2017-11-29T02:36:27.100Z,"26km NW of Gabbs, Nevada",earthquake,,2.2,0.23,6,reviewed,nn,nn
2017-11-28T13:10:07.850Z,37.2675018,-121.9868317,2.8,1.63,md,10,100,0.06156,0.09,nc,nc72931765,2017-11-28T15:00:04.272Z,"3km SW of Campbell, California",earthquake,0.43,1.65,0.14,11,automatic,nc,nc
2017-11-28T13:02:40.840Z,34.5418333,-118.1481667,9.65,1.32,ml,26,77,0.06316,0.11,ci,ci37819287,2017-11-28T14:17:33.695Z,"5km NNW of Vincent, CA",earthquake,0.23,0.43,0.232,27,reviewed,ci,ci
2017-11-28T12:46:48.430Z,38.8125,-122.8130035,2.34,1.18,md,17,91,0.01112,0.04,nc,nc72931760,2017-11-28T14:35:02.210Z,"6km NW of The Geysers, California",earthquake,0.26,0.41,0.17,4,automatic,nc,nc
2017-11-28T12:44:51.220Z,4.0069,126.801,46.2,4.6,mb,,136,3.262,0.56,us,us2000bvcr,2017-11-28T12:57:35.040Z,"214km SE of Sarangani, Philippines",earthquake,9.7,9.1,0.101,29,reviewed,us,us
2017-11-28T12:37:04.330Z,36.2872,-97.5166,4.35,2.6,mb_lg,,27,0.211,0.51,us,us2000bvcp,2017-11-28T20:39:39.915Z,"20km W of Perry, Oklahoma",earthquake,1,7.3,0.124,17,reviewed,us,us
2017-11-28T12:28:12.210Z,46.8636667,-112.532,13.49,0.14,md,9,148,0.125,0.07,mb,mb80271879,2017-11-28T16:27:36.970Z,"15km SE of Lincoln, Montana",earthquake,0.77,1.04,0.245,2,reviewed,mb,mb
2017-11-28T12:21:21.940Z,33.5131667,-116.4635,4.69,1.69,ml,56,58,0.03319,0.2,ci,ci37819255,2017-11-28T14:18:24.920Z,"20km ESE of Anza, CA",earthquake,0.21,0.56,0.167,26,reviewed,ci,ci
2017-11-28T12:12:54.030Z,38.8240013,-122.7981644,3.91,0.88,md,8,136,0.009323,0.02,nc,nc72931745,2017-11-28T13:51:05.089Z,"6km W of Cobb, California",earthquake,0.89,1.13,0.01,3,automatic,nc,nc
2017-11-28T12:11:26.505Z,38.3579,-118.9245,9.8,1,ml,5,182.35,0.346,0.1103,nn,nn00613791,2017-11-29T02:37:15.565Z,"29km ENE of Bridgeport, California",earthquake,,17.2,0.01,2,reviewed,nn,nn
2017-11-28T12:07:31.820Z,37.609,-118.8316667,2.88,0.35,md,7,179,0.01905,0.06,nc,nc72931740,2017-11-28T17:52:02.843Z,"13km ESE of Mammoth Lakes, California",earthquake,0.86,1.02,0.105,6,reviewed,nc,nc
2017-11-28T11:45:52.979Z,36.6621,-116.2862,9.2,-0.1,ml,13,101.74,0.046,0.128,nn,nn00613789,2017-11-29T02:37:14.111Z,"50km ESE of Beatty, Nevada",earthquake,,1.3,0.29,3,reviewed,nn,nn
2017-11-28T11:41:44.760Z,45.1335,-122.6171667,16.92,1.88,ml,15,78,0.122,0.21,uw,uw61331527,2017-11-28T18:36:35.320Z,"3km WSW of Molalla, Oregon",earthquake,0.38,1.05,0.147,18,reviewed,uw,uw
2017-11-28T11:25:25.390Z,36.908165,-121.3525009,8.2,1.54,md,15,96,0.0396,0.07,nc,nc72931735,2017-11-28T13:23:02.015Z,"7km NE of Hollister, California",earthquake,0.38,0.58,0.08,12,automatic,nc,nc
2017-11-28T11:16:20.896Z,61.4288,-152.3144,10,0.7,ml,,,,0.41,ak,ak17397506,2017-11-28T17:56:15.427Z,"99km NNW of Nikiski, Alaska",earthquake,,0,,,reviewed,ak,ak
2017-11-28T11:11:50.780Z,38.8176651,-122.8058319,2.37,0.9,md,9,85,0.006612,0.01,nc,nc72931730,2017-11-28T11:27:03.747Z,"6km NW of The Geysers, California",earthquake,0.65,1.27,0.04,2,automatic,nc,nc
2017-11-28T11:01:44.295Z,64.9659,-147.7548,12,0.8,ml,,,,0.84,ak,ak17397502,2017-11-28T11:07:40.380Z,"12km N of College, Alaska",earthquake,,0.3,,,automatic,ak,ak
2017-11-28T11:01:27.408Z,61.4811,-149.9075,34.5,1.7,ml,,,,0.59,ak,ak17397501,2017-11-28T11:07:40.583Z,"5km SSE of Big Lake, Alaska",earthquake,,0.1,,,automatic,ak,ak
2017-11-28T10:59:33.615Z,64.9662,-147.7974,11.9,1.9,ml,,,,0.68,ak,ak17397497,2017-11-28T11:03:59.731Z,"12km N of College, Alaska",earthquake,,0.2,,,automatic,ak,ak
2017-11-28T10:55:32.700Z,33.4955,-116.7935,4.92,0.37,ml,28,57,0.01777,0.12,ci,ci37819239,2017-11-28T17:45:39.249Z,"9km NE of Aguanga, CA",earthquake,0.14,0.46,0.056,14,reviewed,ci,ci
2017-11-28T10:43:32.171Z,61.6781,-149.8054,42,1.7,ml,,,,0.66,ak,ak17397213,2017-11-28T10:47:06.998Z,"5km N of Houston, Alaska",earthquake,,0.5,,,automatic,ak,ak
2017-11-28T10:41:31.680Z,33.484,-116.7886667,5.11,0.81,ml,45,33,0.02993,0.16,ci,ci37819223,2017-11-28T17:39:17.020Z,"8km ENE of Aguanga, CA",earthquake,0.14,0.59,0.084,23,reviewed,ci,ci
2017-11-28T10:39:53.980Z,44.769,-111.5131667,10.87,0.96,ml,8,152,0.085,0.16,mb,mb80271869,2017-11-28T16:02:40.660Z,"34km WNW of West Yellowstone, Montana",earthquake,1.41,2.28,0.092,3,reviewed,mb,mb
2017-11-28T10:39:43.400Z,33.0806667,-115.9995,2.81,2.12,ml,72,32,0.1526,0.25,ci,ci37819215,2017-11-28T17:29:28.060Z,"14km ESE of Ocotillo Wells, CA",earthquake,0.18,0.6,0.115,71,reviewed,ci,ci
2017-11-28T10:28:12.440Z,36.0686667,-118.0021667,2.09,1.3,ml,16,74,0.1091,0.12,ci,ci37819207,2017-11-28T14:18:29.530Z,"6km WNW of Coso Junction, CA",earthquake,0.29,0.57,0.164,15,reviewed,ci,ci
2017-11-28T10:27:50.120Z,38.8353348,-122.7898331,2.31,0.88,md,8,74,0.003096,0.01,nc,nc72931715,2017-11-28T10:43:02.640Z,"5km WNW of Cobb, California",earthquake,0.48,1.6,,1,automatic,nc,nc
2017-11-28T09:50:41.531Z,52.2417,-169.3451,38,3.6,ml,,,,0.75,ak,ak17397210,2017-11-28T17:50:03.602Z,"83km SSW of Nikolski, Alaska",earthquake,,0.9,,,reviewed,ak,ak
2017-11-28T09:42:07.260Z,19.3395004,-155.0836639,5.45,2.28,ml,49,166,,0.29,hv,hv61990371,2017-11-28T09:47:47.360Z,"19km ESE of Volcano, Hawaii",earthquake,0.63,0.68,0.15,4,automatic,hv,hv
2017-11-28T09:25:57.450Z,33.103,-116.4506667,11.85,0.99,ml,44,57,0.1252,0.22,ci,ci37819199,2017-11-28T16:28:37.205Z,"14km E of Julian, CA",earthquake,0.24,0.78,0.102,19,reviewed,ci,ci
2017-11-28T09:20:23.130Z,-5.542,126.2684,477.65,4.7,mb,,27,4.632,1.29,us,us2000bvbf,2017-11-28T12:48:35.040Z,"196km S of Leksula, Indonesia",earthquake,10.2,2.6,0.083,44,reviewed,us,us
2017-11-28T09:16:00.527Z,62.8945,-150.6399,82.7,2.6,ml,,,,0.69,ak,ak17396921,2017-11-28T09:37:25.318Z,"69km NNW of Talkeetna, Alaska",earthquake,,0.7,,,automatic,ak,ak
2017-11-28T09:12:01.860Z,38.8180008,-122.7986679,2.97,1.17,md,24,50,0.01036,0.03,nc,nc72931690,2017-11-28T11:48:01.798Z,"5km NW of The Geysers, California",earthquake,0.26,0.5,0.09,5,automatic,nc,nc
2017-11-28T09:10:23.704Z,63.8222,-149.2217,107,1.7,ml,,,,0.21,ak,ak17396919,2017-11-28T09:17:33.170Z,"13km WSW of Healy, Alaska",earthquake,,1,,,automatic,ak,ak
2017-11-28T08:57:11.930Z,-20.9194,-176.5676,206.94,4.7,mb,,86,6.507,1.15,us,us2000bvbj,2017-11-28T09:38:34.040Z,"142km W of Havelu, Tonga",earthquake,8.2,7.2,0.077,52,reviewed,us,us
2017-11-28T08:54:12.880Z,19.8298,-68.344,16,3.3,md,3,351,1.8373,0.19,pr,pr2017332001,2017-11-28T12:20:13.675Z,"119km NE of Miches, Dominican Republic",earthquake,7.87,16.05,0.08,3,reviewed,pr,pr
2017-11-28T08:50:09.201Z,38.3733,-118.8912,9.9,1.1,ml,3,296.65,0.327,0.0234,nn,nn00613787,2017-11-29T02:37:04.851Z,"28km SW of Hawthorne, Nevada",earthquake,,88.6,0,1,reviewed,nn,nn
2017-11-28T08:42:14.550Z,37.5981674,-118.8118362,7.2,0.85,md,9,167,0.01595,0.02,nc,nc72931685,2017-11-28T08:56:03.417Z,"15km ESE of Mammoth Lakes, California",earthquake,1.45,1.14,0.07,8,automatic,nc,nc
2017-11-28T08:24:26.420Z,33.5368333,-116.718,2.8,0.35,ml,17,98,0.03273,0.08,ci,ci37819183,2017-11-28T14:18:14.517Z,"5km WSW of Anza, CA",earthquake,0.21,0.45,0.124,10,reviewed,ci,ci
2017-11-28T08:08:09.160Z,38.8266678,-122.7968369,2.13,0.82,md,7,125,0.01084,0.01,nc,nc72931680,2017-11-28T08:28:03.368Z,"6km W of Cobb, California",earthquake,0.53,0.58,0.14,3,automatic,nc,nc
2017-11-28T08:02:23.240Z,38.8196678,-122.7976685,3.01,2.05,md,29,50,0.01038,0.04,nc,nc72931670,2017-11-28T11:19:02.726Z,"5km NW of The Geysers, California",earthquake,0.19,0.41,0.13,10,automatic,nc,nc
2017-11-28T08:01:38.720Z,38.8190002,-122.7983322,3.21,0.8,md,21,47,0.01017,0.04,nc,nc72931675,2017-11-28T08:18:02.343Z,"5km NW of The Geysers, California",earthquake,0.27,0.55,0.1,4,automatic,nc,nc
2017-11-28T08:01:11.430Z,38.8206673,-122.7973328,2.9,2.24,md,45,40,0.01032,0.05,nc,nc72931665,2017-11-28T11:04:03.691Z,"5km NW of The Geysers, California",earthquake,0.15,0.26,0.19,17,automatic,nc,nc
2017-11-28T07:43:31.220Z,33.038,-116.4365,6.47,0.86,ml,39,48,0.1419,0.17,ci,ci37819175,2017-11-28T16:19:02.791Z,"16km ESE of Julian, CA",earthquake,0.2,0.69,0.189,14,reviewed,ci,ci
2017-11-28T07:37:31.160Z,38.8079987,-122.8276672,1.51,0.89,md,12,71,0.001465,0.04,nc,nc72931660,2017-11-28T08:07:03.319Z,"7km WNW of The Geysers, California",earthquake,0.33,0.55,0.02,4,automatic,nc,nc
2017-11-28T07:23:06.710Z,60.5418,-147.4771,16.7,1.8,ml,,,,0.28,ak,ak17396637,2017-11-28T07:26:38.574Z,"70km ESE of Whittier, Alaska",earthquake,,0.4,,,automatic,ak,ak
2017-11-28T07:16:58.720Z,44.0495,-114.495,13.88,1.24,ml,5,101,0.49,0.18,mb,mb80271884,2017-11-28T16:27:40.940Z,"40km NNW of Sun Valley, Idaho",earthquake,3.87,7.11,0.196,4,reviewed,mb,mb
2017-11-28T07:09:21.170Z,36.6133347,-121.2243347,5.48,1.92,md,20,114,0.04724,0.06,nc,nc72931645,2017-11-28T10:49:02.655Z,"22km NNE of Soledad, California",earthquake,0.25,0.78,0.17,18,automatic,nc,nc
2017-11-28T07:03:14.170Z,38.8149986,-122.791832,3.26,1.26,md,23,32,0.007526,0.02,nc,nc72931640,2017-11-28T10:23:02.592Z,"5km NW of The Geysers, California",earthquake,0.24,0.52,0.19,6,automatic,nc,nc
2017-11-28T06:37:50.360Z,37.604332,-118.8190002,2.9,1.05,md,11,74,0.01638,0.03,nc,nc72931635,2017-11-28T07:03:04.175Z,"14km ESE of Mammoth Lakes, California",earthquake,0.37,0.68,0.06,9,automatic,nc,nc
2017-11-28T06:37:31.625Z,36.9286,-117.854,0,2.2,ml,5,337,1.05,0.3936,nn,nn00613749,2017-11-28T07:00:47.679Z,"40km NNE of Lone Pine, California",earthquake,,0,0.4,5,reviewed,nn,nn
2017-11-28T06:25:34.678Z,67.1915,-153.7101,0,1.9,ml,,,,0.89,ak,ak17396357,2017-11-28T06:40:52.432Z,"86km NNW of New Allakaket, Alaska",earthquake,,0.3,,,automatic,ak,ak
2017-11-28T06:06:44.210Z,36.5691667,-89.6056667,5.38,1.67,md,13,94,0.01732,0.04,nm,nm60211591,2017-11-28T13:26:32.370Z,"2km SSE of Lilbourn, Missouri",earthquake,0.3,0.7,0.066,7,reviewed,nm,nm
2017-11-28T06:01:36.940Z,38.8118324,-122.8314972,0.79,0.56,md,10,68,0.003471,0.03,nc,nc72931625,2017-11-28T06:17:03.070Z,"7km WNW of The Geysers, California",earthquake,0.26,0.74,,2,automatic,nc,nc
2017-11-28T05:58:56.550Z,37.5206667,-118.7986667,1.84,0.75,md,8,305,0.07334,0.02,nc,nc72931620,2017-11-28T17:51:03.842Z,"20km SE of Mammoth Lakes, California",earthquake,4.46,31.61,0.158,7,reviewed,nc,nc
2017-11-28T05:28:52.070Z,38.8268318,-122.8525009,2.01,0.81,md,6,170,0.003488,0.02,nc,nc72931610,2017-11-28T05:49:02.996Z,"9km WNW of The Geysers, California",earthquake,0.56,0.69,0.24,2,automatic,nc,nc
2017-11-28T05:19:15.190Z,33.4978333,-116.7973333,4.15,1.65,ml,66,30,0.01472,0.21,ci,ci37819159,2017-11-28T14:19:34.820Z,"9km NE of Aguanga, CA",earthquake,0.19,0.48,0.133,25,reviewed,ci,ci
2017-11-28T05:14:21.546Z,39.2045,-120.0701,9.7,0,ml,6,89.7,0.044,0.0577,nn,nn00613784,2017-11-29T02:37:03.257Z,"3km NE of Dollar Point, California",earthquake,,1.8,0,1,reviewed,nn,nn
2017-11-28T04:37:32.360Z,38.7866669,-122.7799988,1.82,0.96,md,14,141,0.0244,0.05,nc,nc72931580,2017-11-28T04:52:01.857Z,"2km WNW of The Geysers, California",earthquake,0.34,0.73,0.13,5,automatic,nc,nc
2017-11-28T04:35:49.324Z,36.9176,-116.1602,4.2,0.1,ml,12,121.31,0.078,0.1518,nn,nn00613781,2017-11-29T02:36:59.962Z,"53km E of Beatty, Nevada",earthquake,,3.4,0.56,6,reviewed,nn,nn
2017-11-28T04:35:06.275Z,38.3184,-118.7651,10.1,0.5,ml,4,283.38,0.215,0.0402,nn,nn00613779,2017-11-29T02:36:55.646Z,"25km SSW of Hawthorne, Nevada",earthquake,,14.6,0.17,2,reviewed,nn,nn
2017-11-28T04:26:32.346Z,60.6478,-147.5212,17.4,2.5,ml,,,,0.75,ak,ak17395840,2017-11-28T04:34:42.259Z,"64km ESE of Whittier, Alaska",earthquake,,0.3,,,automatic,ak,ak
2017-11-28T04:25:42.000Z,38.8348351,-122.8099976,2.23,0.56,md,10,93,0.01142,0.03,nc,nc72931575,2017-11-28T04:37:01.825Z,"7km W of Cobb, California",earthquake,0.38,1.15,,1,automatic,nc,nc
2017-11-28T04:22:18.110Z,63.5577,-150.7122,11.9,0.8,ml,,,,0.69,ak,ak17395839,2017-11-28T17:35:20.235Z,"89km WNW of Cantwell, Alaska",earthquake,,0.2,,,reviewed,ak,ak
2017-11-28T04:22:10.140Z,37.4835,-118.8513333,3.11,0.73,md,24,174,0.1032,0.06,nc,nc72931570,2017-11-28T17:29:03.782Z,"21km SSE of Mammoth Lakes, California",earthquake,0.36,31.61,0.134,18,reviewed,nc,nc
2017-11-28T04:18:43.313Z,38.3652,-118.9134,10.5,1,ml,13,82.69,0.32,0.1293,nn,nn00613776,2017-11-29T02:36:54.260Z,"30km SW of Hawthorne, Nevada",earthquake,,2,0.14,3,reviewed,nn,nn
2017-11-28T04:18:42.988Z,62.6022,-151.3546,92.8,2.1,ml,,,,0.33,ak,ak17395835,2017-11-28T04:34:42.478Z,"71km WNW of Talkeetna, Alaska",earthquake,,1,,,automatic,ak,ak
2017-11-28T04:15:27.260Z,46.2045,-122.2738333,0.8,0.65,ml,6,294,0.05782,0.13,uw,uw61331427,2017-11-28T20:36:43.030Z,"35km NNE of Amboy, Washington",earthquake,1.77,1.15,0.213,5,reviewed,uw,uw
2017-11-28T04:12:07.080Z,38.776165,-122.7279968,2.01,0.8,md,8,151,0.008893,0.03,nc,nc72931560,2017-11-28T04:22:02.795Z,"2km E of The Geysers, California",earthquake,0.51,0.83,0.18,2,automatic,nc,nc
2017-11-28T04:11:44.161Z,60.7813,-149.6491,32,2,ml,,,,0.48,ak,ak17395832,2017-11-28T04:19:05.030Z,"50km SSE of Anchorage, Alaska",earthquake,,0.2,,,automatic,ak,ak
2017-11-28T04:09:32.390Z,18.0793,-66.771,3,0.85,md,3,222,0.1502,0.28,pr,pr2017332000,2017-11-28T07:30:36.721Z,"2km NW of Santo Domingo, Puerto Rico",earthquake,1.42,19.85,0.35,2,reviewed,pr,pr
2017-11-28T03:55:59.100Z,37.6061668,-118.822998,3.99,1.6,md,24,75,0.01683,0.04,nc,nc72931555,2017-11-28T05:01:03.880Z,"13km ESE of Mammoth Lakes, California",earthquake,0.24,0.36,0.14,19,automatic,nc,nc
2017-11-28T03:54:04.728Z,61.9872,-150.3261,49.3,1.5,ml,,,,0.45,ak,ak17395815,2017-11-28T04:02:42.539Z,"30km NNW of Willow, Alaska",earthquake,,0.8,,,automatic,ak,ak
2017-11-28T03:46:59.700Z,36.5698333,-89.6046667,5.67,1.26,md,17,67,0.01637,0.05,nm,nm60211586,2017-11-28T14:26:09.240Z,"2km SSE of Lilbourn, Missouri",earthquake,0.21,0.51,0.06,10,reviewed,nm,nm
